-- MariaDB dump 10.19  Distrib 10.6.5-MariaDB, for Linux (x86_64)
--
-- Host: 127.0.0.1    Database: 3bay
-- ------------------------------------------------------
-- Server version	10.6.5-MariaDB

/*!40101 SET @OLD_CHARACTER_SET_CLIENT=@@CHARACTER_SET_CLIENT */;
/*!40101 SET @OLD_CHARACTER_SET_RESULTS=@@CHARACTER_SET_RESULTS */;
/*!40101 SET @OLD_COLLATION_CONNECTION=@@COLLATION_CONNECTION */;
/*!40101 SET NAMES utf8mb4 */;
/*!40103 SET @OLD_TIME_ZONE=@@TIME_ZONE */;
/*!40103 SET TIME_ZONE='+00:00' */;
/*!40014 SET @OLD_FOREIGN_KEY_CHECKS=@@FOREIGN_KEY_CHECKS, FOREIGN_KEY_CHECKS=0 */;
/*!40101 SET @OLD_SQL_MODE=@@SQL_MODE, SQL_MODE='NO_AUTO_VALUE_ON_ZERO' */;
/*!40111 SET @OLD_SQL_NOTES=@@SQL_NOTES, SQL_NOTES=0 */;

--
-- Dumping data for table `_prisma_migrations`
--


--
-- Dumping data for table `auctions`
--

INSERT  IGNORE INTO `auctions` (`id`, `startTime`, `closeTime`, `openPrice`, `incrementPrice`, `buyoutPrice`, `productId`, `winningBidId`, `autoExtendAuctionTiming`, `currentPrice`, `sellerComment`, `sellerReview`, `bidderComment`, `bidderReview`) VALUES (1,'2021-12-27 05:49:50','2022-12-30 04:40:21',1000.0000,10000.0000,100000000.0000,1,NULL,1,1.0000,NULL,NULL,NULL,NULL),(2,'2021-12-27 05:50:14','2022-12-30 04:40:21',1000.0000,10000.0000,100000000.0000,2,NULL,1,2.0000,NULL,NULL,NULL,NULL),(3,'2021-12-27 05:50:31','2022-12-30 04:40:21',1000.0000,10000.0000,100000000.0000,3,NULL,1,3.0000,NULL,NULL,NULL,NULL),(4,'2021-12-27 05:50:42','2022-12-30 04:40:21',1000.0000,10000.0000,100000000.0000,4,NULL,1,4.0000,NULL,NULL,NULL,NULL),(5,'2021-12-27 05:50:54','2022-12-30 04:40:21',1000.0000,10000.0000,100000000.0000,5,NULL,1,5.0000,NULL,NULL,NULL,NULL);

--
-- Dumping data for table `auto_bid`
--


--
-- Dumping data for table `bids`
--

INSERT  IGNORE INTO `bids` (`id`, `bidPrice`, `bidTime`, `bidComment`, `bidderId`, `auctionId`, `status`) VALUES (1,500000.0000,'2022-01-01 07:21:49',NULL,'c5c40bc7-3166-46e0-b36a-68364e76770d',1,'ACCEPTED'),(2,600000.0000,'2022-01-01 07:27:04',NULL,'c5c40bc7-3166-46e0-b36a-68364e76770d',1,'ACCEPTED');

--
-- Dumping data for table `categories`
--

INSERT  IGNORE INTO `categories` (`id`, `title`, `parent_id`, `created_at`) VALUES (1,'Electronics',NULL,'2021-11-15 17:54:55'),(2,'Laptops & PC',1,'2021-11-15 17:54:55'),(5,'Cameras & photo',1,'2021-11-15 17:54:55'),(6,'Camera',1,'2021-11-15 17:54:55'),(7,'Phones & Accessories',1,'2021-11-15 17:54:55'),(13,'Headsets',1,'2021-11-15 17:54:55'),(14,'Screen Protectors',1,'2021-11-15 17:54:55'),(15,'A',NULL,'2021-12-31 15:13:37');

--
-- Dumping data for table `otp`
--


--
-- Dumping data for table `product_des_history`
--

INSERT  IGNORE INTO `product_des_history` (`id`, `description`, `productId`, `createdAt`) VALUES (8,'<p style=\"margin-left:0px;\"></p>\n<h1 style=\"margin-left:0px;\"><span style=\"color: rgb(0,0,0);background-color: rgb(255,255,255);font-size: 32px;font-family: Manrope;\">メンヘラ少女。３</span></h1>\n<p style=\"margin-left:0px;\"><span style=\"color: rgb(115,115,115);background-color: rgb(255,255,255);font-size: 14px;font-family: Roboto;\"><strong>目が覚めてから眠るまで、ずーっと一緒にいたいよー。だってキミが今何ををしているのか気になって何もできないんだもん。だーいすきだよ❤</strong></span></p>\n<p><span style=\"font-family: Roboto;\"><ins>https://store.line.me/stickershop/product/7103883/ja</ins><strong><br></strong></span></p>\n',1,'2021-12-31 17:47:05'),(13,'<p style=\"margin-left:0px;\"></p>\n<h1 style=\"margin-left:0px;\"><span style=\"color: rgb(0,0,0);background-color: rgb(255,255,255);font-size: 32px;font-family: Manrope;\">メンヘラ少女。３</span></h1>\n<p style=\"margin-left:0px;\"><span style=\"color: rgb(115,115,115);background-color: rgb(255,255,255);font-size: 14px;font-family: Roboto;\"><strong>目が覚めてから眠るまで、ずーっと一緒にいたいよー。だってキミが今何ををしているのか気になって何もできないんだもん。だーいすきだよ❤</strong></span></p>\n<p><span style=\"font-family: Roboto;\"><ins>https://store.line.me/stickershop/product/7103883/ja</ins><strong><br></strong></span></p>\n',2,'2021-12-31 19:05:35'),(14,'',3,'2021-12-31 19:19:06'),(15,'<p><span style=\"color: rgb(51,51,51);background-color: rgb(255,255,255);font-size: 13px;font-family: Hiragino Kaku Gothic ProN\", HiraKakuProN-W3, Meiryo, sans-serif, system-ui, emoji;\"><strong><ins>■商品名■</ins></strong></span><strong><ins><br></ins></strong><span style=\"color: rgb(51,51,51);background-color: rgb(255,255,255);font-size: 13px;font-family: Hiragino Kaku Gothic ProN\", HiraKakuProN-W3, Meiryo, sans-serif, system-ui, emoji;\">耳が動くうさぎ帽子 LEDライトタイプ</span><br><br><span style=\"color: rgb(51,51,51);background-color: rgb(255,255,255);font-size: 13px;font-family: Hiragino Kaku Gothic ProN\", HiraKakuProN-W3, Meiryo, sans-serif, system-ui, emoji;\"><strong><ins>■商品説明■</ins></strong></span><strong><ins><br></ins></strong><span style=\"color: rgb(51,51,51);background-color: rgb(255,255,255);font-size: 13px;font-family: Hiragino Kaku Gothic ProN\", HiraKakuProN-W3, Meiryo, sans-serif, system-ui, emoji;\">大人気！ぴょこぴょこ耳が動くうさぎ帽子</span><br><span style=\"color: rgb(51,51,51);background-color: rgb(255,255,255);font-size: 13px;font-family: Hiragino Kaku Gothic ProN\", HiraKakuProN-W3, Meiryo, sans-serif, system-ui, emoji;\">LEDタイプで夜間や屋内のイベントにも！</span><br><span style=\"color: rgb(51,51,51);background-color: rgb(255,255,255);font-size: 13px;font-family: Hiragino Kaku Gothic ProN\", HiraKakuProN-W3, Meiryo, sans-serif, system-ui, emoji;\">韓流スターやインフルエンサーなど著名人が身につけて 話題の「耳が動く帽子」からうさぎタイプが登場！</span><br><span style=\"color: rgb(51,51,51);background-color: rgb(255,255,255);font-size: 13px;font-family: Hiragino Kaku Gothic ProN\", HiraKakuProN-W3, Meiryo, sans-serif, system-ui, emoji;\">TWICE BTS バンタンファンにおすすめです！</span><br><span style=\"color: rgb(51,51,51);background-color: rgb(255,255,255);font-size: 13px;font-family: Hiragino Kaku Gothic ProN\", HiraKakuProN-W3, Meiryo, sans-serif, system-ui, emoji;\">Instagram(インスタグラム)やTikTok動画投稿にも人気です</span><br><span style=\"color: rgb(51,51,51);background-color: rgb(255,255,255);font-size: 13px;font-family: Hiragino Kaku Gothic ProN\", HiraKakuProN-W3, Meiryo, sans-serif, system-ui, emoji;\">フリーサイズだから親子で楽しめます♪</span><br><span style=\"color: rgb(51,51,51);background-color: rgb(255,255,255);font-size: 13px;font-family: Hiragino Kaku Gothic ProN\", HiraKakuProN-W3, Meiryo, sans-serif, system-ui, emoji;\">男の子・女の子にも似合うキュートなデザイン</span><br><br><span style=\"color: rgb(51,51,51);background-color: rgb(255,255,255);font-size: 13px;font-family: Hiragino Kaku Gothic ProN\", HiraKakuProN-W3, Meiryo, sans-serif, system-ui, emoji;\"><strong><ins>■注意事項■</ins></strong></span><strong><ins><br></ins></strong><span style=\"color: rgb(51,51,51);background-color: rgb(255,255,255);font-size: 13px;font-family: Hiragino Kaku Gothic ProN\", HiraKakuProN-W3, Meiryo, sans-serif, system-ui, emoji;\">※画像は、ご覧になっているモニターやPCなどの環境により、実物と多少カラーが異なる場合がございます。色味やサイズが異なるなどのクレームはご対応致しかねますので、ご了承ください。</span><br><span style=\"color: rgb(51,51,51);background-color: rgb(255,255,255);font-size: 13px;font-family: Hiragino Kaku Gothic ProN\", HiraKakuProN-W3, Meiryo, sans-serif, system-ui, emoji;\">※光の当たり方、画面の明るさに よって色の見え方が若干異なり ます。ご了承ください。</span><br><br><span style=\"color: rgb(51,51,51);background-color: rgb(255,255,255);font-size: 13px;font-family: Hiragino Kaku Gothic ProN\", HiraKakuProN-W3, Meiryo, sans-serif, system-ui, emoji;\"><strong><ins>【関連ワード】</ins></strong></span><strong><ins><br></ins></strong><span style=\"color: rgb(51,51,51);background-color: rgb(255,255,255);font-size: 13px;font-family: Hiragino Kaku Gothic ProN\", HiraKakuProN-W3, Meiryo, sans-serif, system-ui, emoji;\">韓流アイドル ライブ グッズ TWICE BTS ナヨン バンタン K-POP クラブ かわいい うさぎ帽子 耳が動く うさぎぼうし 変身 パーティー 誕生日 プレゼント 贈り物 男女兼用 超人気 ウサ耳ダンス 韓国 キャップ ハロウィン 仮装 コスプレ 耳がパタパタ 白</span></p>\n',4,'2021-12-31 19:23:37');

--
-- Dumping data for table `product_images`
--


--
-- Dumping data for table `products`
--

INSERT  IGNORE INTO `products` (`id`, `name`, `categoryId`, `sellerId`, `createdAt`, `deletedAt`, `latestAuctionId`) VALUES (1,'Samsung Galaxy Z Fold3 5G 256GB',7,'168d2f00-74a7-4eaa-b910-28db52f69048','2021-12-20 11:32:39',NULL,1),(2,'iPhone 13 Pro 128GB',7,'168d2f00-74a7-4eaa-b910-28db52f69048','2021-12-20 11:34:06',NULL,2),(3,'Lenovo Yoga Slim 7 14ITL05 i5 1135G7/8GB/512GB/Win10 (82A300DPVN) ',2,'168d2f00-74a7-4eaa-b910-28db52f69048','2021-12-20 11:40:21',NULL,3),(4,'Laptop Apple MacBook Pro 16 M1 Max 2021 10 core-CPU/32GB/1TB SSD/32 core-GPU',2,'168d2f00-74a7-4eaa-b910-28db52f69048','2021-12-20 11:42:18',NULL,4),(5,'Máy ảnh Fujifilm GFX 50S Mark II',6,'168d2f00-74a7-4eaa-b910-28db52f69048','2021-12-20 11:46:31',NULL,5),(9,'メンヘラ少女。LINE STICKER',5,'f81e827e-ea75-43cf-ae4e-5e676d25592c','2021-12-31 17:47:05',NULL,NULL),(14,'メンヘラ少女。LINE STICKER 2',5,'f81e827e-ea75-43cf-ae4e-5e676d25592c','2021-12-31 19:05:35',NULL,NULL),(15,'きもち',6,'f81e827e-ea75-43cf-ae4e-5e676d25592c','2021-12-31 19:19:06',NULL,NULL),(16,'耳が動くうさぎ帽子 LEDタイプ 韓国 韓流グッズ 女の子 子ども アイドル ウサギ帽子 耳が動く オルチャン',6,'f81e827e-ea75-43cf-ae4e-5e676d25592c','2021-12-31 19:23:37',NULL,NULL),(17,'S',6,'f81e827e-ea75-43cf-ae4e-5e676d25592c','2021-12-31 19:26:52',NULL,NULL);

--
-- Dumping data for table `upgrade_to_seller_requests`
--

INSERT  IGNORE INTO `upgrade_to_seller_requests` (`userId`) VALUES ('a5ffdd5c-2aff-4efc-8ec8-f87c74f9c1da');

--
-- Dumping data for table `user_bid_status`
--


--
-- Dumping data for table `user_watchlist`
--

INSERT  IGNORE INTO `user_watchlist` (`userId`, `productId`) VALUES ('f81e827e-ea75-43cf-ae4e-5e676d25592c',1),('f81e827e-ea75-43cf-ae4e-5e676d25592c',2);

--
-- Dumping data for table `users`
--

INSERT  IGNORE INTO `users` (`uuid`, `name`, `email`, `isDisabled`, `role`, `pwd`, `dob`, `verified`, `profile`, `refreshToken`, `address`) VALUES ('08b31e0f-7cc6-4efa-acda-b3fdd31e8472','Michael Frick','michaelfrick@example.com',0,'SELLER','$2b$10$ySe7zkGOSFhqAIBFahr9O.KtR6aSUFmi/RtApboQbGpGyuBBTH3q2','1994-10-08 00:00:00',1,NULL,'cfb8d23bd0c536f75bc098f7907b8b59d5b880a20e34e9eae75ae68b8b754d690b2f1be252165237d2594f90a4a9c3c4ab904951ffc705cfcefde43ca8d8fda94fb8635928c6d2dda28a81cad63c89ec860257d3de3b768778ff50e16ae959e86fa1ae0035af69eb53515844fe230613b18cc84bb3e63fe46e6a59c442f56be139a60bfe901afe56b65daddfd9489605c3923b644321dfa2de186dcac6eba6e27155033f879dcf712bae121da24f7b2a29d55f56c19bf23e5f838c7a3ba8f718d63c650723355daaf2269ef2319e1d55cce0a2ada92b3ecf15b9358499bf37950164aa12e155539fe82173e30db5d119e03103481cad05b5b3a6ab40fe591910','2678 Kingston Rd., Suite 101, NYC, NY, USA'),('09c746e2-5509-4074-8b9c-86741b431253','Jeff Young','jeffyoung@example.com',0,'BIDDER','$2b$10$HOFfk/twL9D6YasxP/MZTu7eOS7TRgNWbgGqJNqwv.YnyGbhviGmm','1990-09-02 00:00:00',1,NULL,'7cfbc27a423c417d0358b8e08112f562b3110bed3ca092e19fb22bf3548451baf20e9a162aa15b71a1c1312835eb44f97f1a250ca10bc5604dd89bf708d4cd192060486949c212d241cca2ba9dc67be4263a28dcad1e060c0c85bd370e26b583f0deb0f7e2f2b998d8421c938638f04182bb3d0897da6f9ab03ad0209c88ca9c1f3e4104c4db41e825c85834d08efdc0d494bd2fe5c0d8ef31547cfc5cdea69d8cc04c172fccc1c569a8dbf23ee198f1f772c1acbb1ccf4501cd81809d36d3949120704cfb9bdb09cd4a8d6bc3d3805482431457106e17767f8599eb7b15b47d98ae6faed52528a051d38c12851d328b89647a282a5297341a209f684611def9','4092 Furth Circle, Suite 400, NYC, NY, USA'),('1536a1ed-8330-43e1-acad-d0c1f7ebbc46','Kwai Lee','kwailee@example.com',0,'BIDDER','$2b$10$geLLkHYCkIfBcYy71USxWupKxGQr.kdVAlwZrwG3cOoaxmGPrLMdC','1996-05-30 00:00:00',1,NULL,'0e9b2ac0b52741bf078cd87abf20b8b81ba527c901a508a89ce98118a6b18913dbedf2169ca89f111260c6f1aed78a7ec2b7219371d96126cf7865222c982cfd3e7492adb6cfd724dd65af22be6ba139cb16566cc262250dbee45c7162db6c8755dd8dbe81a39b3d969496a21d40096713edd69b0780eba1a26e22e7cbc3520adf7bc0de684fe33af875f29a9d470ae07754542d4b42726d1ec75c1d64ba6c111f69430e5d0f0083b72873b838b6f5db3d5b2dd9b768e42cbde06124e04beb5f0eb72c102a06498d5ac1183d5ba1a2762b28690c4e2ef9ea3624fb88e3d05cde0db626b0c7e767eef0e3f19aeeb7f4b20c3fcca1a1e097268fd396ce4fa37fce','897 Long Airport Avenue, NYC, NY, USA'),('168d2f00-74a7-4eaa-b910-28db52f69048','Shirato Jiro','example@email.com',0,'SELLER','$2b$10$hS91w5CLXlL30gSoUwvZn.B7YaYacBzD8wyO440tUzzs8t30F7HvO','2021-12-01 13:36:52',1,NULL,'62301bffc3dfb45d4439aa2db6dd4c901bbaee81d5e26f30c6397aa651934b0d0b324d0199d6d39e7fc8af74638f9367af621f4ef46713862801d11b09353a986448e4e3ec08997e94e8e6847213e843ec325d21f682a579fcdba0b08fa48f12f22bef84ca31ed4a642d82617634cef49ca6d685bf866ac765108c3a3148163e21204decaa14facf2bf12eb7f2955c2ae3f855b8b0dbb27cd744efd15dcfaf21eddb4bf7c47dead4302d6955e8407a0d02b1ab826f4b39d5073b34438aecb8c80645e67c262f7acf6dc27b69757f53d4e1478a3aeb9af8bd2ac37e4d1874cabaad302afa8966909c1ed57737bf5a126b7e7429c099eb9abf4d97a85a92161ad3','〒106-0044東京都港区東麻布1-8-1-801'),('19234b8b-7f24-4e60-9c42-77bd8a62e8b7','Jean King','jeanking@example.com',0,'BIDDER','$2b$10$HixNkV39NZ.a2S4S1E/gku4g3X1hw91Hec3WUqy4zWmgSRw4neBJm','1999-09-20 00:00:00',1,NULL,'4c284820adb391c2dc7e3b4f8612f188469b761e10b104689928c4e850a88d2bd40da8274243b6a87f8af7e44eac32f4550d8d0a1401d335df86b0d561594cf12f35ae79e330da37145b8bed2ddf5616e5da36e1c861ff1d79d93a0ee48a343ac438b21a20b5c0e6477bd3b879eb9bcb430e9532c1302168fd03279fcaa3e4347c204df76764ea17206ae0aeefcf2f235897a19f4d42ff8570b9f2941226cd1c3ae7e2b192960bd0f7cdb3472a7f7e6e7ade672ce6b84eada4675153d6b93db3f2797d1855ce2877ebbb5b40afccd3c45be93fa964c6cc784c3ae025b512b88a09830869d15ed66cfafdab7bd56f873358a57699228f3749792288d480f3e2d1','8489 Strong St., Las Vegas, NV, USA'),('1b16fd48-6c8a-4c4b-aa47-88b537979e3a','Kelvin Leong','kelvinleong@example.com',0,'SELLER','$2b$10$Ibb.h/rVrQ.0fHzvmh.8I.yePNJ3FYf6cEHHxWkiZ1NG.1tSQmYfO','1983-02-11 00:00:00',1,NULL,'452a7fdd6725b20cc9bc2c1817bb711da8d16f8ca5b01cc1f6d9a18a53912c46b60f2752ded801cc60e3aa3e197b4a343ccf55e828ccc432342d8c8d9a018ac29f5b506f5393eae0fd2d059b60d969ce40833ff40bd2e2b95dd92eb8f25774fbf73e8dcdf4d8ae468c877429b14f4d4801fee66d10fdb2e84f7b5e69d6c42ff5ae0a447dd676ca02fd2ea1adae9192857b54537f9f0e2adccb93900f30bbe313f4ee1496bf255c761cc3815fa774cd4f7ce164c254d9c07ad1b8f58b06f0246b3f165ff50521e30f5065b8156f6387814c3c9c5e22dedb3497e01ed5212a2f7642aced58e45c369a4305b2ef6832880947e0995f43fbe7a3ebfea51e5172b3cb','7586 Pompton St., Allentown, PA, USA'),('1b4e308b-d0b0-4a43-9884-64351c09ab6a','Jonas Bergulfsen','jonasbergulfsen@example.com',0,'BIDDER','$2b$10$wGRAZjbWtG.QaHJFsF4op.qKV73PoKty.wjl2zdyo0tVoAmgYEEVy','1993-08-07 00:00:00',1,NULL,'4c7b07e0b8c8b7e8f5effb6c6d388c494c1c68ef7735946d1369db94d97447942e40f53f2a9dccdf0904f5994cbef937a14d9f873b9c90d647b7de2802a3c2d8dc5209c83aa07f5c97ea27178df408e35368c29c5aa8f32aff7161acf037fcbf31bf67e963530843453b2304aeb61dc496ece7727ed9270a8a785522020005e4d5903ac562dbf63964ab1c95514c36d636865afefb993772421f36a88022f6660d78457fc6e393ed2bf951aac2bd0252bb2d47ec52e460e3dae552f3e54677e90f08c606cd0f1cd3954d4bbc148ff5976b4bd3747d0b925aea42e251798a99f4d9089cabe344475afe15fa8c4e15835fd9191738f2cb09288fb083fe6861a446','Erling Skakkes gate 78, Stavern, Norway'),('228ba94a-ba66-4499-80ad-67520d655865','Peter Ferguson','peterferguson@example.com',0,'SELLER','$2b$10$Jgtd5F3aNrvUcFW0pO68weTO1VCK8.5AS2amf5w4B57gbaAdLUbnO','1990-05-27 00:00:00',1,NULL,'087c136d7cd0e2acc37009a40b367cc4b077dc8eb7775864550f36c54b4d70764285c8323d7a470e915f8873fec59be7541d5cefdb09189842da409e45e8c0d42a9f09a3c9bc14b07a8f48170dd28cc43eaa6921b26738df002bbf13f964f73ee0845cdaacb04fb38513e9d5019ee7c6e76f1764edeecf4e809abc7fe31bf45224e6078fef1b0d016680b5a624e8f8534342804d5c8ebf7aee5b46713d36bed26eab898365526db751836e390276e044e33029eba1b7a8b19ac251d997f1bd09bf1ef8ce1a06e427f82a7387607d380f23c7b3c68bf0ced54387c23b76f32c348f73ff94658e16a4034cfa7c4fffd56ca4efa4f08db9e62e07b306d19b95826c','636 St Kilda Road, Level 3, Melbourne, Victoria, Australia'),('2ca474b0-c709-4e18-aced-f29add40278b','Isabel de Castro','isabelde castro@example.com',0,'BIDDER','$2b$10$6z4i1gmOK.O66F6SwHwdluv6n7V/ZQnq95JIkH1AdRjgqokih0fWu','1998-03-29 00:00:00',1,NULL,'6c4bad9449dd9c16fd53584a5dfb8db73a60becc144d1d67556a09a5cd5fc54349a257d7ab951196d478d24ba12766d7941859be70c06fe9957b0c8471ce2f0fa494a3442577303acd04869b8f00c5e82bc196fb842c4b17a4818eff6ff6e6e80bd15ca210ff2bd7fd81589fd5d6c06a583966cd9d89b388c8ea6a292e1f5ba3fb67fc4fdc3a6e5875e8be2143f8689c132e632fa2e88e062874ae3b8c1953aa5c4e04e57d03b76ddba4af80ec69d6c2da73b20bb771b505455915a0070f61d257222f0c20543c8974d9e33f6c09433af8db67cdfc2e5f0989217c0b1c9fb1c2bf23acf66c720fa69d29fbeb1262644dd4e409e9b81ba2cbed84df75ce565d88','Estrada da saúde n. 58, Lisboa, Portugal'),('358705ef-905a-4b6b-a41d-0403b2cb2da2','Zbyszek Piestrzeniewicz','zbyszekpiestrzeniewicz@example.com',0,'SELLER','$2b$10$3yX.fv6oCzIwNnoFoIjbK.h3K6otVtG3HSg5Wd9IeFZ0yV.xZqxm6','1984-01-14 00:00:00',1,NULL,'9bb88a16766f432d7116b46690f15c95ad54e37464894662f71ea21738f9e9a8a57e60cbc8f91e403bb828f8497ae3a2691724b63f15cfb4a5feea3303b69eda09ec0505a1359b4129c6fadf2103ab179832f939d3ab0cdb63acdddb82cc69db2f2dd6100e116d4cf8cea1a306dac6937e79a69097f0c4d1b56d9805b6a5bb5248ec199469164c9f2303e8e686ee882a52a79521de89088c49de6f54448afecb5c79fa03907de9a129ecd7cb238a08dd917bf69041974dd6133b92f745c4b7dc21aafd784e2296eedbf4c7302dd138eba454413cdb8b11c94688a951d3e02f435655de4f0e6ce7559632357f63f98e17b956db221a7e41055766015805443324','ul. Filtrowa 68, Warszawa, Poland'),('4908aaab-07a0-4e3c-8b19-dc5eee4a7ede','Diego Freyre','diegofreyre@example.com',0,'BIDDER','$2b$10$lVRVHLA3G8FrGh/kagDwGuPY0enPv6fxMINizW.B6Qr/7gMoKckw6','1984-08-23 00:00:00',1,NULL,'76b960ea74e3fc901d7cd312c0bf99b7ebfa589d199ca02e127ea9fff0037af2e440fe28c89e0233138477392227b343be93cf36871ecc98cbe6fca5d20c9892e833a3ab975144e3770884caad0d39c40fae8a26f82450e8b8fad83ad38ffaacfcf5f4f593ec2fa06531befcdb06e227e68dbcbb3a735dc9858a623315330e6c1aa286cd9d599edcd21346339650ce72c77b790c4819ade71bb21ed7f1e4828c3ba860f151234342146137a2a60780638ab6560a08cda878d040944ba97525c15d783c445d21349bf0c26088b37e02e9a6254f3da6aa45f878ad3944d9a15cfdefddb09d14102dd4eb2150fa934a661c6419f9051e8c8fb15b3bbd6eea7e75cf','C/ Moralzarzal 86, Madrid, Spain'),('6165a753-f99d-43b2-ae20-50a2a09fec09','Roland Keitel','rolandkeitel@example.com',0,'BIDDER','$2b$10$7UYtoKtbVZ5qgLcu9N5kYOK0AYqHqCs6GlZfXQIE2v18KAB0kH12u','1991-12-14 00:00:00',1,NULL,'497342ee58ea26526dfa50fa730a19c193caf058ac5cab624eb160c0ffc178e96c8b38b9248be207e4755237695cb6f63c35fd2d3841a7f32b0b54e5b362764840e21631cef0116f15e335c5e14ea77024690f5154d87d416f2658e53611aad76d948d1bd1e2868302d5b8388fe8920ef63304eca040332c4fede6d310009c7b488e284298a58131d3af6bd41659502bae9314101e7da67c23dd23008caf81f4a2bcd018564540616a168274c69efbe23f7cb0f6f0f06f97f75122acda1c37d70fc19d57bba2676df845b1dd57675c74a94d4d44472a24fb778aa1bdb16d6de9ab5de02f1ec6370e54510ff99c00a58c4bae4bafae6b70584a17a95ca576d701','Lyonerstr. 34, Frankfurt, Germany'),('66f3c8ea-389f-408b-ab44-67d99ce16c34','Carine Schmitt','carineschmitt@example.com',0,'BIDDER','$2b$10$/QRoSBcvz/pJLeca1qEYaeThTO4vH/RXfMDbc8Riyu1moEe5Aqw0O','1983-09-01 00:00:00',1,NULL,'13bac43a8529f3db1390f361af851cc6a3e91b7e0f9922c78607fae06e39c4b5e935fbed6e2aeb9ba80f1aad9f48dda9e2cc1b5a23a90c717a61da172f06b9dcffa9835de55cbf602a3a62385f33f4381a3e9646a594dd108332e5a1104ddf9d93618bae3047ce21a4cbea5e0a328d80bf7fa3aef209c09a4d455ddef8d0892c322354e23d72d18532c8cfc5d385c2086fee258a463f4e54f41c91888250169401c308811a0ae96f7f8c07e13cca120b98ad2f7df85080a773bcc7dc527e439fb9e1addadaad2ea6128cba22d8115b4b83e398196c4d010da067a6d9e5e8c202eeac02721208b0c29b2a123a5ab565b03e0b082077321258cf9d29cd58ab7893','54 rue Royale, Nantes, France'),('69f384bd-5c50-4f47-8e98-ac2d6932735c','Julie King','julieking@example.com',0,'BIDDER','$2b$10$aDfkOoXJBforrQyFB4wn4esy8H7Nd7veuQF/4mgvEAfEp4l813x8u','1996-06-11 00:00:00',1,NULL,'fb902562cab5db438d1e4de7b0ef78979fe3bfebc1e0240e72004aada32e9fb8e3d1a4626daead000fe1341419969776e0d0423f0d5c6e5adadf052de444a9e941f4b4d803741166df2302bd076d9c7f698b5fb558e2f558d6f1bec6ffa9fcfb33f2024628145fe637976a5ae211a83b82b857a332bd2d81614fe3c06e57872b87dd42624bc24829f292e7a521868e3501cd9ee7a636ef050c36c75bba23db37b7faf5c2ece85d93b662e18417d54bc56b34647eeb58ee1f3b1ba4e8a9c1461082f05268254391931a77fd9b8ddc2ea80d42fb4da7f0fb1deea098f12114af54c79dcce9125c8e7fb7ce12c1fadbfac2f3a02472a8f0cd5520b20862db1f1e6e','25593 South Bay Ln., Bridgewater, CT, USA'),('6ec17d3f-db0d-4030-8870-ced5e2bd91d4','Matti Karttunen','mattikarttunen@example.com',0,'BIDDER','$2b$10$KTaiMcZwqHHS.QJnziocPufh0bDdW4voMzhg8PmZ8wP/cDWpYTLWm','1990-06-20 00:00:00',1,NULL,'bda15b8f913d74e9a9958b153b698e5ed46cb5960491253b7eb3de3000257b3986c1ce5e8bfc3849b7e417956a63b39fb82be67e0a0cc0aa00f942e67cb12694422d5610182a13d4adce168ea2d622d5aba97c61ff0af0ed42b89de41e6d33625cde2627d7383186ac65d7a0a783d87d8912803eeb1a199004440bb53f1accba7028dd273ada8c937fd8c98ae550729f0c650a3f63716e0f7bace2e6a697d1e0549492b4b1982c8d7209cf5f19d892fa6561e458b87bebf4a46503665f0c2facd8c1a3c477fa19de23bb477296d9dbe5eaa32dcb9f85bcc70a5da60b7f1ab62ab2f31c4e10bcbfa6a34d60fd6b6130900544a1378b5d9a258b65482613208abc','Keskuskatu 45, Helsinki, Finland'),('7472a84f-1986-46aa-8080-8f6d8f57ea63','Mory Kentary','morykentary@example.com',0,'SELLER','$2b$10$FjbIeeqj4oceQj10/LxUrelWd/XK2kjuDCyRSZu81DKbhKCcYpKX6','1983-12-04 00:00:00',1,NULL,'062575ab1da44c70b20bd2da5d60faf22ff710e21d36cb6e7e5124db2a37e51c2a80c3a88641f7ee626f71cff29546da1e7687b593a2c779028b55bfdce1a7adf70699829c1acea3f4922e7344835e7c93ec07d481d4d978db2b3c59fdabff24489dfd9be3891bcafa685e91385ace0220d22de9a87515c1ae33215f71f2d3fd69f5f548dc7757648d902d2c205856e5b5f6965fd241a6216732b38d48bfc14c9c8afb707a595aa95737ae8e12ae7ca7a8ffe12072fa1a3d8d8f7b3fd8eebfb59bc008713656f62d31ef60e80fdd5ddad22104acd50fd6f10ed902b4b3f800d5889da3afac1178c716be2fa772a6926ae8dd0fc3be7630e8f9a40ca7156b1869','1-6-20 Dojima, Kita-ku, Osaka, Japan'),('775b70ff-c39d-4b5c-9171-cddda02cf338','Christina Berglund','christinaberglund@example.com',0,'BIDDER','$2b$10$O5XpdSe9wY2XiXUG.yW94On3UKxpXVSuapEXGyqucdCbT79tc.VFK','2000-08-11 00:00:00',1,NULL,'a4edc3e2f06cbd01cb66bcbacb553e2f9abe2c13d51eca64ee5760569b9b68a2ca4fa864e7752540a0e689829008572bfec50fbe3af32ee6898d176fad707520cdb6fc1d23bf6f64122220e537cd50dc6761f1af3e9dc206693335c12b255eef7b4a157ec97560f47942c1ae53947cae3fba0d65cd84ff5e4735eca39b905b1e180443c7b93d39993bc4a500402d9e1d482e3dd483264c92972e65c289853bef0af2e598029b59d2d079765daf2b092113b3336f59c007cbfa460265f54a47ee0d7715855bd8a7c4228f3f949afcdb0cc9aad44984503ab4668f50ad9c70644da776c6b954bec1d8bcd4956be97973244541a654fd643c5663b84bb1b23ee19c','Berguvsvägen 8, Luleå, Sweden'),('8a1a78b7-df44-426b-897b-d0da597f7fe2','Tuan Cuong','example.tuan@gmail.com',0,'ADMINISTRATOR','$2b$10$9x/LxQUdUABhkBXxD9Ab5e4h5.YWraXcvp3Ux19SVhXfu6GH6iicO','2000-06-14 17:00:00',1,NULL,'9982a0c5a79f8d056f50d27e1eca22f0221d4b0d543f369362ad5d40aaacb108495b975b421a06b86b84ff5a89a9bda9ae42093d1ab7de58d4219f50d06d7a447a67089f0c1ae326806c7afba652765bab328942bc9ba22f1b4455890d76d50afcf9f69b23e4c753478f44df2e4533dcb3cdbdd227b35eaf29506a3080d6be0d8072f432320562a770d75e83e5d9daf0e5ed99986eb0e7a16de8e915f83d93bdfaa63640418a89d823745456ee0d775d7eb5f9c14df142b8882baef025e6ffeb0291ab565cf39349ec95ee72a261d1ac7ec95a244b4b30ab120f2d2d1db9cfd3854b88cd9ebfc244e4ad4e3d6b940cd072e978b49ef2243db6d7a49bbe7f7a20','500 LVQ'),('8c821b9a-a80b-4dac-a731-cc51e35f0640','Juri Hashimoto','jurihashimoto@example.com',0,'BIDDER','$2b$10$PPJS7/y9jfT7qqA9XS7mEec2CYpgLaze1WAf/sVQj43wxqRpeR4n.','1997-01-05 00:00:00',1,NULL,'966938331c96b749b918777c4c618bfb3194215478169569dcc3a2ca0938e7bc0f82f589a1338b31f4ec32a836f08849ceedf678ed8fa151179051846719c385632551c755719c3ebed4962467b71011b61d0b2c8d351c3eff876f6a0dad2307d778d44ff9f5e6d03993488c28042d92c7cdc8b9aa33fe3240b91256f3905b448c5bae7280022668db86f697f08e4471a37ee6480d2c036791940a80f2c8a0b73c5f5f8b0b31ff772cb100a1bbe84c51f8d6166aedf4983c2699a0c1b8fcb652e8f2c8cf2eb1d33b103847bd1363694c71ccc28aee4017c79673b7cb0a41ba599db287cfb5d625a5e7cfbe781341a28fc60be8a3fabd69255a17df80f3e77979','9408 Furth Circle, Burlingame, CA, USA'),('8ca2452f-8c59-4b09-8bb3-cf73c6f9a166','Jerry Tseng','jerrytseng@example.com',0,'BIDDER','$2b$10$rUTc/axf8KKfM2rThRBJn.U5PnadMrJS5.ZdSJvJcXcbNGdOA5.nO','1983-12-01 00:00:00',1,NULL,'0f162f0aa252edbe4c43c2fe1af75bf6a7a70a6079468fe5b8dcd01d45480b83cbdd5b4f6395a551b010b7193490275affd5030f2eaf5b1ab9ffb3d712294c33607efe5d1a8128cf1ae393360b4bdaa855d8598700f75f4f9bd7f0276d38404594f53fbf0efec2fe761603a50332099eb689fc8752c891aac6f7133066e190090282c07de311385f964542f4edb4bad7e8301236decf15ca9e04719a57b5021cd1e4cf1522f55fa52e1cecf8252f207503df09cdabac448d41d00704758aa5327b7da0f06567d661600f51cc9fdf851333190802e69b8950ed20bd0bf5e686a4ac0fec146494144bfa4fb9901811362408cd8184be27b67ff8aee5876619962e','4658 Baden Av., Cambridge, MA, USA'),('a5ffdd5c-2aff-4efc-8ec8-f87c74f9c1da','Kiet Hoang','example.kiet@gmail.com',0,'BIDDER','$2b$10$9x/LxQUdUABhkBXxD9Ab5e4h5.YWraXcvp3Ux19SVhXfu6GH6iicO','2000-11-05 17:00:00',1,NULL,'cc0dd8feb43334cd940c20edbfb3cb5e58865913e1457524cfeb6a01e6b360a19ec09cc0b1bcb8a509445337392cf60c85c1af77704d2f9c37adf0084223d5cf935613489591e7f4e26cf3be05ec2e3d29cd6fb265195c5c9371c7ab69e35ccb0c42a04d545c7ce5bf8815b217c54c7738f3ee3a4bbce3824480db28ed98095be410d5a28294e7ef735d2bd14f8e849ec0b353c80c0270f6cb1afed55c13ed68e3aad07b02a186c4a8f55176bca38a4129ca63fb8adc85ca3693dcf2f31672e60ddfe30a2ef88ebcb2c9c1233fdf815d3d2723fcb8d65574763f4ae085ddd11b14f61ef6d2d1884308c29b9ab798f8ba7836e7fb7eabcbd7d63bae7760cfb04d','DN'),('a7463ab3-e98e-431a-8de3-e7244a32e1d1','Jytte Petersen','jyttepetersen@example.com',0,'SELLER','$2b$10$XwM5/2Z20hWsKLruwvxObeqEum1UyoQ3fRVUy4tdIfCozpVO/xFXq','1984-05-01 00:00:00',1,NULL,'b31d2bc7de20dcf5a2c0cb023bc55e0d3c62bd7cb9d7844c6adf9d889c6a27ce3cef5323ea6ef6dc4510fef98d036726b3f953cb615f307bfa3017863b1b11306a217a9bb4004ea4eb1df76f3c292355c7a48c9ffd8a55d45522561f0a0d2c7c7566607e0896bf2b22bab2a634b024212124c3d4dce05732cc5278eeec445fcc99fe6f81117beeb13ac2a8a29d17ed9b355cdd96ccd819d48589561d85814f9fd85c4a765cc34dcf24a9ed16ab35b3639cfbda416e5ec351433716f52cf209c50908fb123b05e2dfe76094851b9d91246507f5ebe8277532f7da22ce8ef7529fd0668c516e439baf46f648adb75015056ab4b98e1f4be2dbe95e4e11bea1147c','Vinbæltet 34, Kobenhavn, Denmark'),('ad3ca7b5-2c9b-46fa-a820-d6747a34248d','Martine Rancé','martinerancé@example.com',0,'BIDDER','$2b$10$8wHNMbphcuSypI1UX1VSt.QTX/yAw//PqufJOPUs5ejzm9L5rXESS','1995-08-25 00:00:00',1,NULL,'13d53ffaf81212adaf25c4b2e38c83082afb33781a5a7239cb0e83a78b51dfb61d3410f78b82a014e001a436c9f0d4e376e0005380731c20a996203419ccf021f1d16d18e46e2adbe305c37e703ddab3b7bed09e0709362e6f6d25533cf43d8adad083e5b060f134560eb14efa0af4d30862e8b321086c6e22bcf211cdc9a3f154da871c1ba5067781e0d9ec5eb846209b672d6904cbd023f2bddc94b0bf078d1a0966178f803118219f1dbc4345a7785534e9be3aa5dad29da3563330670f142afd0e134b7252755d6edb961a64b22c78bc71775c261239013ec3eb9020ca8cb7b1fc04c3411256d4bce176f8b38ef41d816690d055cbaac4e4a706e4930f72','184 chaussée de Tournai, Lille, France'),('b5394dc6-76b8-4bf5-ad6a-d9f6159a9e1a','Julie Murphy','juliemurphy@example.com',0,'SELLER','$2b$10$02uMYXfjNUwRpaNkjY7h9OamHFqwTPBMnewu9.F0A4c30HKUT6QZe','1995-07-19 00:00:00',1,NULL,'5c5c2798d8dce3c7b1e607b595c94bc1aa8106e2d0c26a260f11bd391ace8ec73aff1e1e166a306974e7a847981fee8e623af9c93fe1dcc7f78447c8ce20ed90c683be42742cd05e36315911a221b34d4073c14e84bb3cf2142c76df7a9c573cd6cbc351e4a9ce3069d077e95a560b4b0f2fc4c1cc2ed5eee7db00f66ba1b037604458c3a50f6cc6e39afb1cb61d4a308e8f5154c121e00348f06d7f49d218d7aed4c7edc05a9de55cf2f4c69978453f171856cc473192d2ee5d805200d0cc8f54eadd850fd129455bf37c04bfa08b434da4f9e3a715aa20ad6690b683239cdff0076111314c654b4797a032d8cdc5cdc740b1b599995aefec2b7a1848598ee0','5557 North Pendale Street, San Francisco, CA, USA'),('b78a58a4-4445-4514-8bc0-3601f268d48d','Veysel Oeztan','veyseloeztan@example.com',0,'BIDDER','$2b$10$I/4qdxkx3RT/QAjCJKUAQek4PoIG2MTSVeS5ovQVPtux.JOXYZgtu','1987-01-21 00:00:00',1,NULL,'d7f529f60e2cc3a0b41c403c172f10929ecbb74bd53bfe24d29ad38f813c4e99cc75724fc407892bf9eb05c3d95f5157c0d163ed5eebcdaa7a045dfa47fa87eda4753a465276a98b0eea69fbc593cef15bae6049444215d23275bff0b354d0e959f8a56833bfcbbf54540f34933d30b2221b7dadc1db5db34ea74ef2481cd4e002cf282ba2c548262e5ae21f971913fad8ebf27d921467b0add2a1ff5a45065ac595b35be48e54c611b32e8b6fbfd49cebb796da26efab9cf2c2ffca6c8bcb0e55cf481b78785fc9d8f1a0f86c35f8fba7f10d41c5c5bad9c657444d08b4ee440c84afe7453e6a591f4aa0cb93f47f203dd744598643fa03df1a9e245c87742d','Brehmen St. 121, PR 334 Sentrum, Bergen, Norway'),('c3016148-219d-49db-bf6e-d18d5b18a98e','Janine Labrune','janinelabrune@example.com',0,'BIDDER','$2b$10$ZzGzUTV0rqa/1RKQGeMQuO7e51m.OsCSs2WlIqxdFlWOuvlrypRPa','1991-09-26 00:00:00',1,NULL,'2b11a2bcc8f3656a0bbeec0e763e9d0ddfa7dfcab38c21a2e31cb720f6550faf00343e8a279c1bf529f7bbea58bcce9dc5b35dcc63f6649934306f70a95bdbab9934cfa68f15702ca794278315bea478a4ae5b747214b4794945bd1269f88f91d493e9539218af81322311da6d7537ca22c2722e7d70f103ab1d85442f403a55daab7e34cf5c47526007a9a46f530e58d7d285052593fe66b6baa2972285b2c81d6205e603f2bd4d3e53bcdfb2c13ee1d1d0a06bf1b05b95409a4122451dad7455935ef81f7908376732a8f77c726b463fa3b56b6d31507416e5e027d5afb4740411d90e46449824c17788f0a0f14ed0d661b8331c4dd8fc5b5e9c2cbd06148e','67 rue des Cinquante Otages, Nantes, France'),('c5c40bc7-3166-46e0-b36a-68364e76770d','Shirato Jiro Bidder','example01@email.com',0,'BIDDER','$2b$10$9x/LxQUdUABhkBXxD9Ab5e4h5.YWraXcvp3Ux19SVhXfu6GH6iicO','2021-12-01 13:36:52',1,NULL,'65c55d644bb4564ac3908db7414d84308b9949be916dba5d7cc6017bbdbc5acf07d25b2450fd18ca520b3c2b36829622cb42593abfdcf5a7962944f5c274d27fbe385c3ef1179ebdd16daf0e9917298f8559efc89dedcca21935490478489a40cd40e793100cd0deee1db2011827c137aa20900e84239b53ab29a13abf74ce714f0015ef7b90ad1626520c3e4d72ee944e0a64c5322def1b6c9c1852382f9d86d128320ea79b9013b6229aeb1b5e315f9b4723d306aefdb4b16d3051fb70b1d58f6e0d7a4b80d02c7a4e759cff0ae9e41407e49e9dc72f2b0eb6fde26461dd8a804c1a1804384a75bf3a8f5fc175dda0ea0ae72d3c11173903d9e5d818672477','〒106-0044東京都港区東麻布1-8-1-801'),('cb519140-dff5-44ce-a8cf-b4fc574dce77','Mary Saveley','marysaveley@example.com',0,'BIDDER','$2b$10$MoG8tyToKH.HyqsVm0BhHegd3yF87pzKGZ4MWivH0fEsRCgK6cQOi','1994-06-19 00:00:00',1,NULL,'7c3cccbeb52331eafbab133d005f46b8d1c51141c5a9680a1c2c50057464d6d2086cf3f3c883fc4a0c43e0f02d4e4fbd1b35a79821e65cbf9cb8d17bc4fbb17f5b04bcea6ec7362b8a9eca0074eb368f494bd1cb8b5d8c2b63089e1aa3ec401226080a55e37a20caf32c8133c6c35f5fcf4f6029db2391ee951c7e8e22def310fcd253e5509596e670519ba62a12f4eaeba25c8d271c545f4ae43516094b94e45ed1bf7f264f1df16191489fa58bfa77f6c7176c25f3701bd14fc4296e11fb31490c115b0b2165f8887e33a7c444e9a4ffab605b8321cd506ddf0db49cc5663a037a506d08e928259fae404245e7fc936d72fbdd0f1a6c3186c3edaa4ae053ca','2 rue du Commerce, Lyon, France'),('ce76cc31-4473-4ae7-98f2-223021d72d7f','Wendy Victorino','wendyvictorino@example.com',0,'BIDDER','$2b$10$gMDSNAEZk56Lc08tu0Pfvu4abK/vvZoTy8FYKm65nWS9T3lUVUn0O','1996-12-03 00:00:00',1,NULL,'2e254256cd7ab022b623bf1177e891bc910af546004ae1cf1332cf61c55a1118196e9a1edb952a69cadf972ab244966d63aa7589c9aeb92a5992b5ffc1b3b23264e36a4cec3db154af315093119d966454a7a0aa78488a40fb87d21fc2b3ccedb5ee746634c08788caa249dba6a7950a8325878bcf5be7f0956592ea783199fc3c50888159e4844111d17b4ec716c121392cf6d26d84a862d18e4b210f6018276856afd292c19e0273a83058321bda252177ae9970b669659485aaf5013b109bd8d934b03341b1176873206600f967bbabfbe1a274839695c17adce90cd6f5984de037ace3dc476301a0a5014a670f93ae3c9c0b3d7b29a70c5e387fbf4185f4','106 Linden Road Sandown, 2nd Floor, Singapore, Singapore'),('d5eb8bfc-df74-4940-b151-90d71e9bc986','Susan Nelson','susannelson@example.com',0,'BIDDER','$2b$10$gkk9m/e2CjgdmeWwh3BfneSUpgtdU5zzAZW4KhbdpEvZtfAbSsHpC','1989-01-21 00:00:00',1,NULL,'d60abc2fb79266406b8e7a028cfbfb5da1831f94b640176f01dae14abd44039180939151d803ff9b010f78cb971195e6854ab5face771033e31756509eccfeb7124554d08c402ec738acbaa7814e1ef4b0fb35a0250e33fb892c7c71e0901f918727f76a6a439dbd3a76cd693dcf69ea24012de7152cc64117dc02dcf00e01213e09e7dea223f9ea7489b2aca397d5019d951101362be9818402ab320ad9e4c23ebd41ca4595debf0e092a9f44e09ad2a3b873e4f9bb374a92d2291882a9e14502eb4e86796353c111ae092e6c94ab1239ece83af7d25b8d442e55b4d9dc379e04af7f4ff48230cdc24c237de31e2324614021b771c723fdc17c8d20ea62cf99','5677 Strong St., San Rafael, CA, USA'),('f317b692-5eca-45fa-b7de-dce1a1bf1578','Marie Bertrand','mariebertrand@example.com',0,'SELLER','$2b$10$C5F3Q/zUyiT1aKd.Kd55MeuJ7agjrgVGr1MOJ12F.T8dnXfL74JtK','1985-04-12 00:00:00',1,NULL,'3c55f8e78196e56120139fb7172c80c4ea2c5dec261559d209435118838686e9791412a04caef1d3cb6e9181764a9547fa41bae5d6bead23b667c5984597cb4f6e105619595b36a30a26f021497c416e3a1dbdd13823d5249ed7f7a48eede99496507fc88cd7f671cb5c535c947b9c19620d3b995e93a22e25eba4cc5ba6d224da94011c6246ecf1830be58c0730d85cde8b5fca1d378ba1e72e6f7eb68a7464873b18114e0df59e672d54f218cdc3e5735fe9351df5c343464117c5dba5f828d2f4d940d619abdd588aa8e12f6f398b7019e12d06cae362da74a1e364ce36068b7ead6b4bf4a01674ad1d5b3f4323f719737e3d5f90d873368a99fe2b8f3eed','265 boulevard Charonne, Paris, France'),('f3422923-a512-49e7-b73d-a1e63645c60f','Nguyen Van A','email2@example.com',0,'SELLER','$2b$10$9x/LxQUdUABhkBXxD9Ab5e4h5.YWraXcvp3Ux19SVhXfu6GH6iicO','2000-12-11 17:00:00',1,NULL,'93c91b73cfce699c7fcbc305ebf5e8286a0753ac44c39e0d6f429010e14971c879dcd1be6a5147c0a693abb76312485009ba4d9eb11de021093e7017123b027e1869131f491605f523e4a04babe8e0c627186fa12feccc4150080a75f11a3895804550d31536022edec0535af6a3fc868e4bd9680d2776338552dd7c7d76eceb714b854737ca67014f5476e8a2002e68fb3ea7bd1092b37255bd8cb9a00fcecf191342dd73f9958720d0a143abce79c509d4993414af8ab6cf2ca0e58a2d48b7db519dced2f79c76fdd14010e5ff4ae08da3e91eb93274e386b8aaad1429fb8f8f20d87f7ddfd3ac822abaf973d22b54f045182beff91bd24da851d73c2432fa','Japan'),('f53134f9-6e8f-472d-a7ab-52da3f20b5a8','Eric Natividad','ericnatividad@example.com',0,'BIDDER','$2b$10$S6QDM2Fgh6U1WA96TQukZeHjB84eh6kQLL4YPqH9un55pK.BUVslG','1995-10-26 00:00:00',1,NULL,'37e431c38e81c694b8f1e01f0b7bec89f164f0caed729e22824fb7d689ad358e6de8c80d28bd9d1116b72daf8225249bb423b9fffb7a8c14ae7f3ac45cfe1ed4457e6841f7d856c2e8ca14edb9280da98ad798bd12963a6d92df706e5d2140164db8952bc80de82a22ab983ca5e735a8c3211d774defe6cbfff8ad200736333ff2ce4c7466414f6f5aedde791dd83467c131ed6ab8530e8e0c4c08c8bec60dafa981290a81ae9470394de68e580ec15037440fed79ded0307a9bfc63fe073b54ad9d08755800248a5333dd94e29396ffc68c49e9836a336cdde6a708ac21d7c56ba7f5756ffed52a6d1c2ae9f210e186c044c318d72a4c7b0140a8b44271d84d','Bronz Sok., Bronz Apt. 3/6 Tesvikiye, Singapore, Singapore'),('f5e14759-2d0a-4a79-b0fd-3624fb4d879e','Keith Franco','keithfranco@example.com',0,'BIDDER','$2b$10$wCiKJf2HKj905f4xihSv5eh1k7OoCQTm4xx/78g26I7ixl5JP91hS','1989-02-23 00:00:00',1,NULL,'03637d38748efcde9b7e04d79775ef3730a743631511eab4bcffe0a3e5103096fa066a0a38027f0fb10c77db0f7360b859a607794f137abb0c7e4b4e33457ed70cffd6abd5c5aa1d75391bede8a4b4b38870cedaf899d133f866e13e63d0b2f99ebe39f8363dfe9941f09bd544182cc0d4b493a1702228950edaa09d4838e4473957bb5e7bb5057b908ff55d15e1008c2203be371b83b6eab998c18b86f2c45d4835f7f09a53839a944d2b9948a1fc9a9dad8dfc319379cc4653ab63495c41b5ad22a7083528138ccefcb546882e43c5f61116729c0a017e90be5c53b698893c01115840e14ce4353c070bde764cc6b0dfa758d17a07d245205ef8d7ba113297','149 Spinnaker Dr., Suite 101, New Haven, CT, USA'),('f81e827e-ea75-43cf-ae4e-5e676d25592c','Huy','example.huy@gmail.com',0,'SELLER','$2b$10$9x/LxQUdUABhkBXxD9Ab5e4h5.YWraXcvp3Ux19SVhXfu6GH6iicO','2000-02-16 17:00:00',1,NULL,'d070f6b6d4e894fbc56403a6737d01314ffb86d6799fd7b4980cdba6402d7a1bbfe10898ead3968c76cf1e797255503081ad21cebbbaac77007e79c3d5f550f66f4df13a2d1a078d137056ec359ed2b83847bbe80d69be9c99ad6aafc4c5c381da6ced15a60004926c99e9e9ae04edbbef9a33e22294797b42e8b6f27421d428366228a70a5afa85cdf7ef534e75f4e7e99943bb2da514e80f05b6e793791166d105ad15ce132f8d3ce3e138a0accfd7c44975f8e6153a4469cb4183430690e3a30542c02117224ccde3baff66ce04074b4ef875c73c111dc22299a766f0b99aec38bc2c63e597ba30a51fbc868270ad4b2b7a25b8650f83dd57a5431a2db4b9','Vietnam');
/*!40103 SET TIME_ZONE=@OLD_TIME_ZONE */;

/*!40101 SET SQL_MODE=@OLD_SQL_MODE */;
/*!40014 SET FOREIGN_KEY_CHECKS=@OLD_FOREIGN_KEY_CHECKS */;
/*!40101 SET CHARACTER_SET_CLIENT=@OLD_CHARACTER_SET_CLIENT */;
/*!40101 SET CHARACTER_SET_RESULTS=@OLD_CHARACTER_SET_RESULTS */;
/*!40101 SET COLLATION_CONNECTION=@OLD_COLLATION_CONNECTION */;
/*!40111 SET SQL_NOTES=@OLD_SQL_NOTES */;

-- Dump completed on 2022-01-06  2:36:01
